dataset1,dataset2,psi
train,other,0.00027439375632970123
train,test,9.028782435522086e-05
train,validation,0.00017521408074534775
other,test,0.0006706936660713585
other,validation,0.0005005602545719348
test,validation,5.262221134292066e-05
