dataset,ks,p-value
train,0.9993069782427643,0.0
other,0.9990410433448408,4.73539859377129e-09
test,0.8671243888434569,4.370592851890865e-66
validation,0.8695141083880168,8.652244445062207e-51
