Metric,Value
ROC AUC,0.9854207028660201
Precision Recall AUC,0.7735764573053265
Average Precision,0.7740364291647042
Log Loss (Cross Entropy),0.0020562180782008666
Brier Score Loss,0.00032191130969893964
