Metric,Value
ROC AUC,0.9811190182056502
Precision Recall AUC,0.7737450532217688
Average Precision,0.7742352396926875
Log Loss (Cross Entropy),0.0026491249987023683
Brier Score Loss,0.00041945589317913715
