Metric,Value
ROC AUC,0.9928190052047129
Precision Recall AUC,0.9017637433931424
Average Precision,0.9017958584844136
Log Loss (Cross Entropy),0.00240850175140687
Brier Score Loss,0.00040349228391771733
