Metric,Value
ROC AUC,0.9773503001872889
Precision Recall AUC,0.7646689147536418
Average Precision,0.7652113533892362
Log Loss (Cross Entropy),0.0022958737541797338
Brier Score Loss,0.0003594521405626214
