Metric,Value
ROC AUC,0.9823774642005811
Precision Recall AUC,0.735741414319817
Average Precision,0.7392889554596397
Log Loss (Cross Entropy),0.0027858277876308245
Brier Score Loss,0.00047148924182465656
