Metric,Value
ROC AUC,0.9811190182056502
Precision Recall AUC,0.7737450532217688
Average Precision,0.7742352396926875
Log Loss (Cross Entropy),0.004945738713022527
Brier Score Loss,0.0007215997440156544
