Metric,Value
ROC AUC,0.9996164173379364
Precision Recall AUC,0.6378968253968254
Average Precision,0.6805555555555556
Log Loss (Cross Entropy),0.003536368296749109
Brier Score Loss,0.0005426607786865016
